Loan_ID,Gender,Married,Dependents,Education,Self_Employed,ApplicantIncome,CoapplicantIncome,LoanAmount,Loan_Amount_Term,Credit_History,Property_Area,Loan_Status
LP1000,Male,Yes,1,Graduate,No,3142,3458,62.0,360.0,1.0,Urban,Y
LP1001,Male,Yes,1,Graduate,No,1843,2658,58.0,300.0,1.0,Semiurban,Y
LP1002,Female,Yes,0,Graduate,,4472,0,56.0,60.0,1.0,Semiurban,Y
LP1003,Male,Yes,2,Not Graduate,No,3422,2663,51.0,240.0,1.0,Semiurban,Y
LP1004,Male,No,2,Graduate,Yes,3470,5887,72.0,360.0,1.0,Urban,Y
LP1005,Female,No,2,Graduate,No,10290,3280,214.0,360.0,1.0,Semiurban,Y
LP1006,Male,Yes,0,Not Graduate,No,2129,740,18.0,300.0,1.0,Semiurban,Y
LP1007,Male,Yes,0,Graduate,No,5026,8401,157.0,84.0,1.0,Urban,Y
LP1008,Male,Yes,0,Graduate,No,2704,0,32.0,360.0,0.0,Rural,N
LP1009,Male,Yes,0,Graduate,No,6366,4548,136.0,360.0,1.0,Urban,Y
LP1010,Male,No,0,Not Graduate,No,4838,0,80.0,360.0,1.0,Semiurban,Y
LP1011,Female,No,0,Graduate,No,5018,0,66.0,360.0,1.0,Semiurban,Y
LP1012,Male,No,2,Graduate,No,2765,1368,73.0,360.0,1.0,Rural,Y
LP1013,Female,No,0,Graduate,,2997,2819,95.0,360.0,1.0,Urban,Y
LP1014,Male,No,2,Not Graduate,No,6421,1738,64.0,360.0,1.0,Urban,Y
LP1015,Male,No,1,Graduate,No,9385,4762,115.0,36.0,1.0,Urban,Y
LP1016,Male,Yes,2,Graduate,No,5251,2543,74.0,360.0,1.0,Semiurban,Y
LP1017,Male,Yes,0,Not Graduate,No,2825,0,29.0,360.0,1.0,Urban,N
LP1018,Female,Yes,0,Graduate,No,4927,608,67.0,360.0,1.0,Rural,Y
LP1019,Male,Yes,1,Graduate,Yes,12611,1906,116.0,360.0,1.0,Urban,Y
LP1020,Male,Yes,3+,Graduate,No,4430,2504,55.0,360.0,,Urban,N
LP1021,Male,No,0,Not Graduate,No,8167,2260,104.0,180.0,1.0,Semiurban,Y
LP1022,Female,Yes,1,Graduate,No,3032,3390,88.0,360.0,1.0,Rural,Y
LP1023,Female,Yes,1,Graduate,No,4151,1634,81.0,300.0,1.0,Rural,Y
LP1024,Male,Yes,2,Graduate,,5590,2053,135.0,360.0,1.0,Rural,Y
LP1025,Male,Yes,0,Graduate,No,5058,3826,68.0,360.0,1.0,Semiurban,Y
LP1026,,Yes,1,Not Graduate,Yes,2996,571,36.0,300.0,1.0,Semiurban,N
LP1027,Male,No,0,Graduate,No,2939,0,52.0,180.0,1.0,Semiurban,Y
LP1028,Male,Yes,3+,Graduate,No,6599,1663,115.0,300.0,1.0,Urban,Y
LP1029,Male,No,0,Not Graduate,,7231,0,92.0,360.0,0.0,Semiurban,N
LP1030,Male,Yes,0,Graduate,No,8354,2405,129.0,360.0,1.0,Rural,Y
LP1031,Female,Yes,3+,Graduate,Yes,9526,3925,80.0,360.0,1.0,Urban,Y
LP1032,Male,Yes,0,Graduate,No,4494,3539,133.0,120.0,1.0,Semiurban,Y
LP1033,Male,No,0,Graduate,No,3677,0,48.0,360.0,1.0,Semiurban,N
LP1034,Male,,0,Graduate,No,7769,3235,137.0,,0.0,Semiurban,N
LP1035,Male,Yes,0,Graduate,No,5831,3221,109.0,36.0,1.0,Urban,Y
LP1036,Male,No,0,Graduate,No,2719,0,27.0,300.0,1.0,Semiurban,Y
LP1037,Male,Yes,0,Graduate,No,2657,1365,33.0,,1.0,Rural,Y
LP1038,Male,No,2,Graduate,No,5278,0,78.0,300.0,,Urban,Y
LP1039,Male,Yes,2,Graduate,No,3906,3168,82.0,120.0,0.0,Semiurban,N
LP1040,Male,Yes,0,Graduate,No,4180,0,23.0,180.0,1.0,Urban,Y
LP1041,Female,No,1,Not Graduate,No,6854,1124,81.0,36.0,1.0,Urban,Y
LP1042,Male,Yes,0,Graduate,No,5953,791,115.0,84.0,0.0,Rural,N
LP1043,Male,Yes,3+,Graduate,No,7696,3157,107.0,240.0,1.0,Semiurban,Y
LP1044,Female,Yes,0,Graduate,,1774,0,,360.0,1.0,Semiurban,Y
LP1045,Female,Yes,1,Not Graduate,No,4741,2396,94.0,360.0,1.0,Urban,Y
LP1046,Male,No,0,Graduate,No,5783,3951,150.0,360.0,1.0,Rural,Y
LP1047,Male,No,1,Graduate,No,2128,0,29.0,360.0,1.0,Urban,Y
LP1048,Male,No,0,Graduate,No,3150,0,51.0,360.0,1.0,Semiurban,Y
LP1049,Male,Yes,2,Graduate,Yes,2898,0,19.0,120.0,1.0,Urban,Y
LP1050,Male,Yes,0,Graduate,No,4272,2462,115.0,240.0,1.0,Urban,Y
LP1051,Male,Yes,3+,Graduate,No,8800,0,147.0,240.0,1.0,Semiurban,N
LP1052,Male,Yes,1,Not Graduate,No,10511,962,135.0,360.0,1.0,Urban,Y
LP1053,Male,Yes,2,Graduate,No,2932,2734,74.0,360.0,1.0,Semiurban,Y
LP1054,Male,No,2,Not Graduate,No,5361,3524,69.0,300.0,,Urban,Y
LP1055,Male,No,3+,Not Graduate,No,5440,1804,78.0,360.0,1.0,Rural,Y
LP1056,Male,No,0,Not Graduate,No,5036,1853,53.0,360.0,1.0,Rural,Y
LP1057,Male,Yes,0,Graduate,No,5062,0,,300.0,1.0,Semiurban,Y
LP1058,Male,Yes,0,Graduate,Yes,4850,2415,129.0,360.0,1.0,Urban,N
LP1059,Male,Yes,0,Graduate,No,9040,0,76.0,360.0,1.0,Semiurban,Y
LP1060,Male,Yes,1,Graduate,No,49763,0,88.0,360.0,1.0,Rural,Y
LP1061,Male,Yes,3+,Not Graduate,Yes,2625,1164,34.0,360.0,1.0,Urban,Y
LP1062,Male,Yes,3+,Graduate,Yes,6052,0,59.0,360.0,1.0,Urban,Y
LP1063,Male,Yes,1,Graduate,No,6321,0,64.0,180.0,1.0,Rural,Y
LP1064,Male,No,1,Graduate,No,4874,2214,66.0,360.0,0.0,Urban,N
LP1065,Male,Yes,3+,Not Graduate,No,7038,0,94.0,360.0,1.0,Semiurban,Y
LP1066,Male,No,3+,Graduate,No,4604,0,81.0,300.0,1.0,Rural,Y
LP1067,Male,Yes,0,Graduate,No,4630,2224,72.0,360.0,1.0,Urban,Y
LP1068,Male,Yes,1,Not Graduate,No,4467,1065,98.0,300.0,1.0,Semiurban,Y
LP1069,Male,Yes,2,Not Graduate,No,1706,1639,46.0,360.0,1.0,Semiurban,Y
LP1070,Male,Yes,0,Graduate,No,4080,0,53.0,360.0,1.0,Urban,Y
LP1071,Male,Yes,0,Not Graduate,No,3132,2791,48.0,360.0,0.0,Rural,N
LP1072,Female,Yes,3+,Not Graduate,No,2480,2189,27.0,360.0,1.0,Urban,Y
LP1073,Male,No,3+,Graduate,No,8065,0,130.0,180.0,1.0,Semiurban,N
LP1074,Male,Yes,3+,Graduate,No,5308,0,66.0,360.0,1.0,Rural,Y
LP1075,Male,Yes,2,Graduate,Yes,4174,0,43.0,360.0,1.0,Urban,N
LP1076,Male,Yes,0,Graduate,No,3281,2655,92.0,360.0,,Rural,Y
LP1077,Male,Yes,0,Graduate,No,4833,0,44.0,360.0,1.0,Urban,Y
LP1078,Male,Yes,1,Graduate,No,6609,1286,120.0,360.0,1.0,Semiurban,Y
LP1079,Male,Yes,,Graduate,No,2916,1308,39.0,360.0,1.0,Urban,N
LP1080,Male,No,1,Graduate,No,4221,0,72.0,300.0,0.0,Semiurban,N
LP1081,Male,No,1,Graduate,No,6252,2019,70.0,360.0,1.0,Rural,Y
LP1082,Female,No,0,Graduate,No,1770,0,12.0,360.0,1.0,Rural,Y
LP1083,Male,Yes,2,Graduate,No,4122,0,58.0,240.0,0.0,Rural,N
LP1084,Male,Yes,0,Graduate,No,3487,1583,36.0,360.0,1.0,Semiurban,N
LP1085,Male,No,0,Graduate,No,3983,1647,98.0,240.0,0.0,Rural,N
LP1086,Male,Yes,0,Graduate,No,3375,7937,153.0,360.0,1.0,Semiurban,Y
LP1087,Male,Yes,0,Graduate,,4500,1308,46.0,84.0,1.0,Rural,Y
LP1088,Male,Yes,3+,Not Graduate,No,10053,0,78.0,360.0,1.0,Semiurban,Y
LP1089,Male,No,0,Graduate,No,3656,12230,270.0,360.0,1.0,Rural,Y
LP1090,Male,Yes,0,Not Graduate,No,4824,0,62.0,360.0,1.0,Urban,Y
LP1091,Male,No,2,Graduate,No,10380,935,188.0,36.0,,Semiurban,N
LP1092,Male,No,1,Graduate,No,3303,3176,42.0,360.0,0.0,Semiurban,N
LP1093,Male,Yes,0,Not Graduate,No,9572,0,163.0,360.0,0.0,Urban,N
LP1094,Male,No,0,Not Graduate,No,4240,3294,89.0,360.0,1.0,Urban,Y
LP1095,Male,Yes,0,Graduate,No,9432,1779,153.0,300.0,1.0,Rural,Y
LP1096,Male,Yes,2,Graduate,No,5929,1569,74.0,120.0,1.0,Semiurban,Y
LP1097,Male,Yes,0,Graduate,No,4857,0,28.0,360.0,1.0,Urban,Y
LP1098,Male,No,0,Graduate,No,4107,0,72.0,360.0,1.0,Urban,N
LP1099,Female,Yes,0,Graduate,No,3194,0,57.0,240.0,1.0,Semiurban,N
LP1100,Female,Yes,1,Not Graduate,Yes,4377,0,43.0,360.0,1.0,Semiurban,N
LP1101,Male,Yes,0,Graduate,No,71807,1565,136.0,36.0,,Rural,Y
LP1102,Male,Yes,2,Graduate,No,4205,0,30.0,360.0,1.0,Rural,Y
LP1103,Female,Yes,0,Graduate,No,3668,3886,53.0,240.0,1.0,Semiurban,Y
LP1104,Male,Yes,1,Graduate,No,3779,2152,35.0,360.0,1.0,Semiurban,Y
LP1105,Male,Yes,0,Graduate,No,68045,0,67.0,300.0,0.0,Urban,N
LP1106,Male,No,0,Graduate,No,7342,3190,60.0,120.0,1.0,Rural,Y
LP1107,Male,Yes,0,Graduate,No,3133,2245,54.0,300.0,1.0,Urban,Y
LP1108,Male,No,2,Graduate,No,3131,0,21.0,300.0,1.0,Urban,Y
LP1109,Female,Yes,3+,Graduate,No,5018,2155,104.0,360.0,1.0,Rural,Y
LP1110,Male,No,0,Graduate,Yes,8412,0,133.0,360.0,1.0,Rural,N
LP1111,Male,Yes,,Not Graduate,No,7085,1902,125.0,360.0,1.0,Urban,Y
LP1112,Male,Yes,3+,Graduate,Yes,2408,2257,35.0,360.0,1.0,Semiurban,Y
LP1113,Male,No,1,Graduate,No,3756,1589,80.0,360.0,1.0,Semiurban,Y
LP1114,Male,Yes,,Graduate,Yes,2783,2406,43.0,120.0,1.0,Urban,N
LP1115,Female,Yes,0,Graduate,No,3750,2022,86.0,240.0,1.0,Urban,Y
LP1116,Male,No,2,Graduate,No,8708,3058,146.0,360.0,0.0,Urban,Y
LP1117,Male,No,2,Graduate,No,2230,0,22.0,300.0,0.0,Semiurban,N
LP1118,Male,Yes,1,Graduate,Yes,2042,0,12.0,360.0,1.0,Semiurban,Y
LP1119,Male,Yes,3+,Not Graduate,No,2914,942,61.0,360.0,1.0,Semiurban,Y
LP1120,Male,No,0,Graduate,No,4814,5350,,360.0,1.0,Urban,Y
LP1121,Male,No,0,Graduate,No,5593,1848,102.0,360.0,1.0,Rural,N
LP1122,Male,No,0,Graduate,Yes,5151,1911,124.0,300.0,0.0,Semiurban,N
LP1123,Male,Yes,0,Not Graduate,No,7180,0,123.0,360.0,1.0,Rural,Y
LP1124,Male,No,0,Not Graduate,No,1913,0,14.0,120.0,0.0,Urban,N
LP1125,Male,Yes,0,Graduate,No,7221,4671,,180.0,1.0,Semiurban,Y
LP1126,Male,No,0,Graduate,Yes,3676,0,35.0,300.0,1.0,Rural,Y
LP1127,Male,Yes,2,Graduate,No,5879,2551,96.0,180.0,1.0,Urban,Y
LP1128,Male,No,0,Not Graduate,No,2332,1883,30.0,360.0,0.0,Urban,N
LP1129,Male,,0,Graduate,No,4240,2809,728.0,36.0,,Urban,Y
LP1130,Male,Yes,,Graduate,Yes,4705,2081,98.0,,1.0,Urban,Y
LP1131,Female,No,1,Graduate,Yes,7116,1800,76.0,360.0,1.0,Semiurban,Y
LP1132,Male,Yes,2,Graduate,,2073,2407,44.0,360.0,1.0,Urban,Y
LP1133,Male,No,2,Not Graduate,No,4289,0,45.0,360.0,1.0,Urban,Y
LP1134,Male,Yes,2,Graduate,No,2596,2296,72.0,360.0,1.0,Semiurban,Y
LP1135,,Yes,0,Graduate,Yes,5311,2236,129.0,360.0,1.0,Urban,Y
LP1136,,Yes,0,Graduate,No,6001,0,55.0,36.0,1.0,Urban,Y
LP1137,Male,Yes,1,Graduate,No,7549,1422,100.0,360.0,1.0,Semiurban,N
LP1138,Male,Yes,0,Graduate,No,3325,2953,80.0,84.0,1.0,Urban,Y
LP1139,Male,Yes,0,Graduate,No,6421,0,65.0,360.0,1.0,Urban,Y
LP1140,Male,Yes,0,Not Graduate,No,7804,1458,107.0,360.0,0.0,Urban,N
LP1141,Male,No,0,Graduate,No,2019,1494,22.0,360.0,1.0,Urban,Y
LP1142,Female,No,0,Graduate,Yes,5572,1108,,360.0,1.0,Semiurban,Y
LP1143,Male,No,0,Graduate,No,6512,3493,102.0,360.0,1.0,Urban,Y
LP1144,Male,Yes,2,Graduate,No,3765,1173,83.0,360.0,1.0,Urban,Y
LP1145,Male,Yes,3+,Graduate,No,2453,1360,36.0,360.0,1.0,Rural,Y
LP1146,Male,Yes,0,Graduate,No,6466,3986,86.0,360.0,,Rural,Y
LP1147,Male,No,3+,Graduate,Yes,2466,0,36.0,360.0,1.0,Urban,Y
LP1148,Male,No,0,Graduate,No,3904,0,68.0,240.0,1.0,Urban,N
LP1149,Male,Yes,3+,Graduate,No,4154,1145,58.0,360.0,1.0,Semiurban,Y
LP1150,Female,No,3+,Graduate,No,5837,3159,46.0,240.0,1.0,Rural,N
LP1151,Female,Yes,0,Graduate,No,3191,0,45.0,360.0,0.0,Rural,N
LP1152,Male,,2,Not Graduate,No,3109,0,32.0,120.0,1.0,Urban,N
LP1153,Male,,3+,Graduate,No,4423,2686,98.0,,1.0,Urban,Y
LP1154,Male,Yes,3+,Graduate,No,6653,2081,75.0,240.0,0.0,Semiurban,N
LP1155,Male,No,3+,Not Graduate,No,11841,1498,67.0,240.0,1.0,Rural,N
LP1156,Male,No,1,Graduate,No,2147,1276,32.0,360.0,,Rural,N
LP1157,Male,Yes,0,Graduate,No,4875,4062,127.0,180.0,0.0,Urban,N
LP1158,Male,Yes,2,Graduate,Yes,2594,3043,57.0,360.0,1.0,Semiurban,Y
LP1159,Male,No,1,Graduate,No,6691,0,53.0,360.0,0.0,Urban,N
LP1160,Male,No,1,Graduate,Yes,2773,2042,53.0,300.0,1.0,Semiurban,N
LP1161,Female,Yes,0,Graduate,No,3123,0,46.0,36.0,1.0,Rural,Y
LP1162,Male,Yes,1,Graduate,No,3245,1074,28.0,360.0,1.0,Semiurban,Y
LP1163,Male,Yes,0,Graduate,No,4088,0,57.0,360.0,1.0,Urban,Y
LP1164,Male,Yes,2,Graduate,No,4892,1590,89.0,360.0,0.0,Semiurban,N
LP1165,Male,No,0,Graduate,No,5259,1183,63.0,240.0,0.0,Semiurban,N
LP1166,Female,Yes,2,Graduate,No,4219,0,74.0,360.0,1.0,Rural,Y
LP1167,Female,No,2,Graduate,No,2325,845,53.0,360.0,,Urban,N
LP1168,,Yes,0,Not Graduate,No,5869,0,,300.0,1.0,Rural,Y
LP1169,Female,Yes,1,Graduate,No,4131,1907,33.0,120.0,1.0,Urban,Y
LP1170,Male,No,0,Graduate,Yes,7135,1235,75.0,120.0,0.0,Urban,N
LP1171,Male,Yes,3+,Graduate,Yes,3076,0,24.0,12.0,1.0,Urban,Y
LP1172,Male,Yes,2,Graduate,,2057,1927,48.0,360.0,1.0,Urban,N
LP1173,Female,No,0,Graduate,No,4166,2744,117.0,360.0,,Urban,N
LP1174,Male,No,0,Graduate,,7579,0,124.0,360.0,1.0,Semiurban,N
LP1175,Male,Yes,0,Graduate,No,4548,1296,52.0,360.0,1.0,Urban,N
LP1176,Male,Yes,0,Graduate,No,45572,2128,63.0,180.0,1.0,Urban,Y
LP1177,Female,Yes,3+,Graduate,No,2859,998,21.0,360.0,,Urban,Y
LP1178,Female,Yes,2,Graduate,No,9330,0,670.0,300.0,1.0,Urban,Y
LP1179,Male,Yes,0,Graduate,Yes,2662,1193,22.0,300.0,1.0,Rural,Y
LP1180,Female,Yes,3+,Graduate,No,3052,0,53.0,360.0,1.0,Rural,Y
LP1181,Female,No,0,Graduate,No,56374,1659,116.0,36.0,1.0,Urban,Y
LP1182,Male,No,3+,Graduate,Yes,1835,3585,42.0,360.0,1.0,Rural,Y
LP1183,Male,No,0,Graduate,No,7507,1078,121.0,360.0,1.0,Rural,Y
LP1184,Male,No,1,Graduate,No,5602,0,69.0,360.0,0.0,Rural,Y
LP1185,Male,,3+,Graduate,Yes,6340,0,98.0,360.0,1.0,Urban,Y
LP1186,Male,No,0,Graduate,Yes,5438,3804,103.0,300.0,1.0,Urban,Y
LP1187,Male,No,2,Not Graduate,No,3934,0,664.0,60.0,0.0,Semiurban,N
LP1188,Male,Yes,3+,Graduate,No,2622,2044,62.0,360.0,1.0,Rural,N
LP1189,Male,Yes,0,Graduate,No,3972,5490,57.0,360.0,1.0,Semiurban,Y
LP1190,Female,Yes,0,Graduate,No,2728,1704,56.0,360.0,0.0,Semiurban,Y
LP1191,Male,Yes,2,Not Graduate,No,5265,0,41.0,120.0,1.0,Urban,N
LP1192,Male,Yes,0,Graduate,No,6082,0,85.0,300.0,1.0,Semiurban,N
LP1193,Female,Yes,0,Graduate,No,8222,2518,169.0,300.0,1.0,Rural,Y
LP1194,Male,Yes,0,Not Graduate,No,5001,551,36.0,360.0,1.0,Semiurban,N
LP1195,Male,Yes,2,Graduate,No,6413,0,65.0,,1.0,Semiurban,Y
LP1196,Male,Yes,0,Not Graduate,No,3701,0,54.0,360.0,1.0,Semiurban,Y
LP1197,Female,No,0,Graduate,No,69033,0,24.0,240.0,1.0,Semiurban,Y
LP1198,Male,No,2,Graduate,No,5235,2527,96.0,360.0,1.0,Semiurban,Y
LP1199,Male,Yes,1,Graduate,No,3555,0,49.0,36.0,1.0,Rural,Y
LP1200,Male,Yes,2,Graduate,No,4775,0,46.0,240.0,1.0,Rural,N
LP1201,Female,Yes,0,Not Graduate,No,2624,1173,60.0,300.0,1.0,Semiurban,Y
LP1202,Male,No,3+,Graduate,No,2845,0,33.0,360.0,0.0,Urban,N
LP1203,,No,2,Not Graduate,No,5630,0,74.0,360.0,1.0,Semiurban,Y
LP1204,Male,Yes,0,Graduate,No,6304,1890,56.0,300.0,1.0,Urban,Y
LP1205,Male,No,3+,Graduate,No,2715,2114,26.0,360.0,1.0,Urban,Y
LP1206,Male,Yes,0,Not Graduate,No,5720,0,32.0,360.0,1.0,Urban,Y
LP1207,Male,Yes,,Graduate,No,3328,5019,140.0,240.0,1.0,Semiurban,Y
LP1208,Male,No,0,Not Graduate,Yes,4262,0,70.0,300.0,0.0,Urban,N
LP1209,,Yes,2,Graduate,No,8003,0,124.0,360.0,1.0,Urban,Y
LP1210,Male,Yes,0,Graduate,No,6084,1127,55.0,360.0,,Rural,N
LP1211,Male,Yes,0,Graduate,No,6052,2080,96.0,360.0,1.0,Urban,Y
LP1212,,Yes,0,Graduate,No,9986,3830,212.0,180.0,1.0,Semiurban,Y
LP1213,Female,No,0,Graduate,,3082,3723,725.0,360.0,1.0,Rural,Y
LP1214,Male,No,0,Graduate,No,2714,0,18.0,360.0,1.0,Semiurban,Y
LP1215,Male,Yes,1,Graduate,No,3057,2712,96.0,300.0,1.0,Urban,Y
LP1216,Male,Yes,0,Graduate,,3772,2519,45.0,360.0,1.0,Urban,Y
LP1217,Male,No,0,Not Graduate,No,1500,0,11.0,360.0,1.0,Semiurban,N
LP1218,Female,Yes,1,Graduate,No,3853,2804,111.0,,1.0,Semiurban,Y
LP1219,Male,No,0,Graduate,No,3311,0,37.0,360.0,1.0,Urban,Y
LP1220,Male,No,2,Not Graduate,No,6019,2590,85.0,,1.0,Semiurban,Y
LP1221,Male,Yes,0,Graduate,No,4957,2728,94.0,180.0,1.0,Semiurban,Y
LP1222,,No,0,Graduate,No,3228,0,57.0,360.0,0.0,Urban,Y
LP1223,Female,Yes,0,Graduate,No,5516,895,42.0,360.0,0.0,Semiurban,Y
LP1224,Male,Yes,0,Graduate,No,5857,0,87.0,360.0,1.0,Urban,Y
LP1225,Female,Yes,0,Graduate,No,2993,1142,39.0,360.0,,Urban,N
LP1226,Male,Yes,2,Graduate,No,3388,0,22.0,360.0,1.0,Rural,N
LP1227,Male,No,0,Graduate,No,1554,0,16.0,60.0,1.0,Urban,Y
LP1228,Male,No,1,Graduate,,2589,0,31.0,360.0,1.0,Semiurban,N
LP1229,,No,1,Graduate,No,3029,1330,33.0,360.0,0.0,Semiurban,N
LP1230,Male,No,0,Graduate,No,4374,0,45.0,360.0,1.0,Urban,Y
LP1231,Male,Yes,1,Graduate,No,2764,1187,52.0,360.0,1.0,Rural,Y
LP1232,Female,Yes,0,Graduate,No,3357,0,42.0,36.0,1.0,Urban,Y
LP1233,Male,No,0,Not Graduate,No,2437,3972,92.0,360.0,1.0,Urban,Y
LP1234,Female,No,0,Graduate,No,4569,0,73.0,36.0,1.0,Rural,Y
LP1235,Female,Yes,2,Graduate,No,5123,0,53.0,300.0,1.0,Rural,Y
LP1236,Male,Yes,3+,Graduate,No,5070,2695,82.0,360.0,1.0,Semiurban,N
LP1237,Male,Yes,0,Graduate,No,4254,1607,67.0,,0.0,Urban,N
LP1238,Male,Yes,1,Graduate,No,2114,4661,84.0,360.0,1.0,Urban,Y
LP1239,Male,No,2,Graduate,,3200,1432,30.0,360.0,1.0,Semiurban,Y
LP1240,Female,Yes,0,Not Graduate,No,3522,3562,64.0,180.0,1.0,Urban,Y
LP1241,Male,No,2,Graduate,,3528,5306,64.0,360.0,1.0,Urban,N
LP1242,Male,No,1,Not Graduate,No,4375,1251,56.0,120.0,1.0,Rural,Y
LP1243,Male,No,3+,Graduate,No,8034,1797,,360.0,1.0,Urban,Y
LP1244,Male,Yes,3+,Graduate,Yes,6096,2474,108.0,360.0,1.0,Urban,Y
LP1245,Female,Yes,0,Graduate,No,2712,1247,42.0,360.0,1.0,Urban,N
LP1246,Male,No,0,Graduate,No,46257,2318,100.0,60.0,1.0,Semiurban,Y
LP1247,Male,No,1,Not Graduate,No,5643,1766,101.0,360.0,0.0,Semiurban,N
LP1248,Male,Yes,0,Not Graduate,No,2943,1746,50.0,360.0,1.0,Rural,N
LP1249,Male,No,0,Not Graduate,No,6198,2053,89.0,360.0,1.0,Urban,Y
LP1250,Male,Yes,3+,Graduate,No,3936,2078,85.0,84.0,1.0,Urban,N
LP1251,Female,No,0,Graduate,No,2243,2187,26.0,180.0,1.0,Semiurban,Y
LP1252,Male,Yes,0,Graduate,No,5192,1437,80.0,300.0,0.0,Semiurban,N
LP1253,Male,Yes,2,Not Graduate,No,4664,1472,74.0,120.0,1.0,Semiurban,Y
LP1254,Male,Yes,0,Graduate,No,3818,1872,84.0,360.0,1.0,Rural,N
LP1255,Male,Yes,0,Graduate,No,4159,1950,,360.0,1.0,Semiurban,N
LP1256,Female,Yes,3+,Graduate,No,3061,0,47.0,84.0,1.0,Semiurban,Y
LP1257,Male,Yes,0,Graduate,No,5567,2388,92.0,360.0,1.0,Rural,Y
LP1258,Male,Yes,0,Graduate,No,4148,0,30.0,300.0,1.0,Urban,Y
LP1259,Male,No,0,Not Graduate,No,4559,0,58.0,240.0,1.0,Rural,Y
LP1260,Male,Yes,3+,Not Graduate,No,4968,1713,106.0,360.0,1.0,Semiurban,Y
LP1261,Female,No,0,Not Graduate,No,2516,1248,809.0,12.0,1.0,Semiurban,Y
LP1262,Male,No,1,Graduate,No,2829,4895,121.0,360.0,1.0,Rural,Y
LP1263,Male,Yes,0,Graduate,No,1565,0,12.0,360.0,1.0,Semiurban,Y
LP1264,Female,Yes,0,Graduate,Yes,5454,2202,109.0,360.0,1.0,Semiurban,Y
LP1265,,No,,Graduate,No,2452,1532,66.0,300.0,1.0,Urban,Y
LP1266,Male,No,1,Graduate,No,4490,1981,90.0,360.0,1.0,Semiurban,Y
LP1267,Male,Yes,3+,Graduate,No,4999,1024,84.0,240.0,,Semiurban,Y
LP1268,Male,No,0,Graduate,No,5547,0,801.0,360.0,1.0,Urban,Y
LP1269,Male,Yes,1,Graduate,No,2461,0,33.0,240.0,1.0,Semiurban,Y
LP1270,Male,Yes,3+,Graduate,No,4108,0,36.0,360.0,1.0,Semiurban,Y
LP1271,Male,No,0,Graduate,No,8970,0,55.0,180.0,1.0,Semiurban,Y
LP1272,Male,Yes,0,Graduate,No,9149,0,144.0,360.0,1.0,Urban,Y
LP1273,Male,No,3+,Not Graduate,No,6597,0,114.0,360.0,1.0,Semiurban,Y
LP1274,Male,Yes,0,Graduate,Yes,4924,0,79.0,300.0,,Urban,Y
LP1275,Male,No,1,Not Graduate,No,2691,0,25.0,360.0,1.0,Urban,Y
LP1276,,Yes,3+,Graduate,No,5845,0,36.0,84.0,1.0,Semiurban,N
LP1277,Male,Yes,0,Graduate,Yes,3940,2893,59.0,360.0,1.0,Urban,Y
LP1278,Female,,0,Graduate,No,5444,0,87.0,240.0,1.0,Urban,Y
LP1279,Female,Yes,0,Not Graduate,No,3182,1129,58.0,120.0,1.0,Semiurban,N
LP1280,Male,No,0,Graduate,No,3913,0,69.0,360.0,,Urban,N
LP1281,Male,Yes,0,Graduate,Yes,4554,0,43.0,360.0,1.0,Rural,Y
LP1282,Male,Yes,2,Graduate,No,4726,0,58.0,360.0,1.0,Rural,Y
LP1283,Male,Yes,0,Graduate,No,5283,1635,106.0,360.0,1.0,Semiurban,N
LP1284,Male,Yes,2,Graduate,Yes,3260,0,26.0,60.0,1.0,Rural,Y
LP1285,Male,No,0,Graduate,,2311,1833,73.0,60.0,1.0,Rural,Y
LP1286,Male,Yes,0,Graduate,Yes,8788,0,112.0,360.0,,Urban,Y
LP1287,Male,No,0,Graduate,No,12967,5081,92.0,360.0,1.0,Rural,Y
LP1288,Male,Yes,2,Graduate,Yes,5174,0,28.0,36.0,1.0,Urban,Y
LP1289,Male,No,0,Graduate,No,2331,1530,64.0,300.0,1.0,Semiurban,Y
LP1290,Female,Yes,0,Not Graduate,No,2987,1132,55.0,360.0,1.0,Semiurban,Y
LP1291,Male,Yes,3+,Not Graduate,No,5319,0,79.0,360.0,1.0,Urban,Y
LP1292,Female,No,1,Graduate,No,7735,0,118.0,360.0,1.0,Urban,N
LP1293,Male,No,0,Graduate,No,2451,1793,44.0,360.0,1.0,Rural,Y
LP1294,Female,No,3+,Graduate,Yes,4000,0,62.0,360.0,1.0,Urban,Y
LP1295,Female,Yes,0,Graduate,,4620,0,79.0,360.0,1.0,Urban,N
LP1296,Female,Yes,0,Graduate,,6242,719,50.0,300.0,1.0,Urban,Y
LP1297,Female,No,0,Graduate,No,3624,0,54.0,60.0,1.0,Semiurban,Y
LP1298,Male,Yes,0,Not Graduate,No,2093,1649,34.0,12.0,1.0,Rural,Y
LP1299,Male,No,0,Graduate,No,5594,2678,76.0,360.0,1.0,Rural,Y
LP1300,Male,Yes,2,Not Graduate,No,7017,2811,,180.0,1.0,Semiurban,Y
LP1301,Male,Yes,0,Graduate,No,4076,0,66.0,360.0,1.0,Urban,Y
LP1302,,No,2,Graduate,No,5076,1886,37.0,360.0,1.0,Urban,Y
LP1303,Male,No,3+,Graduate,No,3417,621,43.0,300.0,1.0,Semiurban,Y
LP1304,Female,Yes,1,Graduate,No,2891,0,40.0,360.0,1.0,Rural,Y
LP1305,Male,Yes,2,Graduate,No,6714,2231,58.0,360.0,1.0,Semiurban,N
LP1306,Male,,2,Graduate,No,5036,1131,94.0,36.0,0.0,Semiurban,N
LP1307,Male,Yes,3+,Graduate,Yes,5275,2167,128.0,360.0,1.0,Semiurban,Y
LP1308,Male,Yes,0,Graduate,No,65621,0,51.0,360.0,0.0,Semiurban,N
LP1309,Male,Yes,0,Graduate,No,2632,0,18.0,300.0,0.0,Semiurban,N
LP1310,Male,No,1,Graduate,No,3300,2891,109.0,360.0,1.0,Semiurban,Y
LP1311,Male,No,1,Not Graduate,No,4542,1465,45.0,360.0,1.0,Semiurban,Y
LP1312,Male,Yes,0,Graduate,Yes,3282,0,20.0,300.0,1.0,Semiurban,Y
LP1313,Male,Yes,1,Graduate,No,6017,0,105.0,360.0,,Rural,N
LP1314,Male,Yes,0,Graduate,No,3888,3942,130.0,360.0,1.0,Semiurban,Y
LP1315,Male,Yes,3+,Graduate,No,2706,0,37.0,360.0,1.0,Urban,N
LP1316,Male,Yes,0,Not Graduate,No,4357,0,53.0,60.0,0.0,Urban,N
LP1317,Male,Yes,0,Graduate,No,4567,1568,104.0,240.0,1.0,Semiurban,Y
LP1318,Male,No,0,Graduate,No,6442,0,87.0,360.0,0.0,Semiurban,N
LP1319,Female,Yes,0,Graduate,No,5049,0,,360.0,1.0,Semiurban,N
LP1320,Female,Yes,0,Graduate,No,5206,0,83.0,360.0,1.0,Semiurban,Y
LP1321,Male,Yes,0,Graduate,Yes,4886,2915,105.0,360.0,1.0,Urban,Y
LP1322,Male,No,0,Graduate,No,3887,0,45.0,240.0,1.0,Semiurban,Y
LP1323,Male,Yes,0,Graduate,Yes,3065,935,40.0,360.0,1.0,Semiurban,Y
LP1324,Female,Yes,0,Graduate,No,4817,1234,70.0,360.0,1.0,Semiurban,Y
LP1325,Male,No,0,Graduate,No,3641,1785,64.0,360.0,1.0,Semiurban,Y
LP1326,Female,Yes,0,Graduate,No,9049,1340,101.0,360.0,1.0,Urban,Y
LP1327,Male,Yes,0,Not Graduate,No,7739,1113,96.0,360.0,1.0,Semiurban,Y
LP1328,Male,No,0,Graduate,No,5624,0,87.0,84.0,0.0,Rural,N
LP1329,Male,Yes,0,Graduate,Yes,5016,953,62.0,360.0,1.0,Rural,Y
LP1330,Male,Yes,0,Not Graduate,No,4066,1735,31.0,360.0,1.0,Semiurban,Y
LP1331,Male,Yes,2,Graduate,No,2398,1923,38.0,360.0,1.0,Urban,Y
LP1332,Male,Yes,3+,Graduate,No,3838,1292,41.0,180.0,1.0,Semiurban,Y
LP1333,Female,No,3+,Graduate,No,4428,0,68.0,360.0,1.0,Rural,Y
LP1334,Male,Yes,1,Not Graduate,No,4690,1574,,180.0,1.0,Urban,Y
LP1335,Male,Yes,1,Graduate,No,5225,0,45.0,300.0,,Rural,Y
LP1336,Male,Yes,0,Graduate,No,6403,1828,128.0,180.0,0.0,Urban,N
LP1337,Male,Yes,2,Graduate,No,3098,0,16.0,360.0,1.0,Urban,Y
LP1338,Male,Yes,2,Graduate,No,3111,2234,39.0,360.0,0.0,Urban,N
LP1339,Female,Yes,2,Graduate,No,8126,924,143.0,360.0,1.0,Urban,Y
LP1340,Male,No,,Graduate,No,5985,1901,96.0,360.0,0.0,Rural,N
LP1341,Female,Yes,0,Not Graduate,,3548,0,53.0,360.0,1.0,Semiurban,Y
LP1342,Female,Yes,2,Graduate,No,4031,1883,94.0,360.0,1.0,Urban,Y
LP1343,Male,Yes,2,Graduate,No,4039,0,70.0,360.0,,Semiurban,N
LP1344,Male,Yes,0,Graduate,No,4291,0,25.0,360.0,0.0,Semiurban,N
LP1345,Male,Yes,3+,Not Graduate,Yes,5233,955,95.0,240.0,1.0,Urban,Y
LP1346,Female,Yes,0,Graduate,No,13237,2014,217.0,12.0,1.0,Urban,Y
LP1347,Male,Yes,3+,Graduate,No,4607,2738,56.0,360.0,1.0,Semiurban,Y
LP1348,Male,No,2,Not Graduate,Yes,5700,0,98.0,360.0,,Urban,Y
LP1349,Male,No,0,Graduate,No,1980,1313,34.0,360.0,0.0,Rural,N
LP1350,Male,Yes,2,Not Graduate,No,3401,2018,90.0,180.0,1.0,Urban,Y
LP1351,Male,Yes,0,Graduate,Yes,7354,0,95.0,360.0,1.0,Rural,Y
LP1352,Male,Yes,2,Graduate,Yes,5070,4679,116.0,360.0,1.0,Rural,Y
LP1353,Male,Yes,2,Not Graduate,No,1500,885,17.0,360.0,1.0,Urban,Y
LP1354,Male,Yes,1,Graduate,No,5729,1211,117.0,360.0,1.0,Urban,Y
LP1355,Male,No,3+,Graduate,No,10028,9344,237.0,360.0,1.0,Rural,Y
LP1356,,No,0,Graduate,Yes,1723,1720,17.0,360.0,0.0,Semiurban,Y
LP1357,Male,No,0,Graduate,Yes,8381,0,44.0,360.0,1.0,Semiurban,Y
LP1358,Male,Yes,0,Graduate,No,1500,0,23.0,360.0,1.0,Urban,Y
LP1359,Male,No,0,Graduate,No,6452,436,49.0,360.0,1.0,Urban,Y
LP1360,Female,Yes,0,Graduate,No,4214,2281,83.0,360.0,1.0,Semiurban,Y
LP1361,Male,Yes,0,Graduate,No,1500,3119,64.0,360.0,0.0,Rural,N
LP1362,Male,Yes,,Graduate,No,5171,1210,55.0,360.0,1.0,Urban,N
LP1363,Male,No,0,Not Graduate,No,7100,1542,107.0,360.0,1.0,Rural,N
LP1364,Male,Yes,3+,Graduate,No,4983,0,40.0,120.0,,Semiurban,Y
LP1365,Male,No,0,Graduate,No,5504,763,108.0,360.0,1.0,Urban,Y
LP1366,Male,Yes,3+,Graduate,No,3515,966,73.0,360.0,1.0,Urban,Y
LP1367,Male,,0,Graduate,No,1831,1763,31.0,300.0,1.0,Urban,Y
LP1368,Male,Yes,0,Graduate,No,5775,0,69.0,300.0,1.0,Semiurban,Y
LP1369,Female,Yes,1,Graduate,No,9296,0,107.0,240.0,1.0,Semiurban,Y
LP1370,Male,No,0,Graduate,Yes,7033,0,123.0,360.0,0.0,Semiurban,N
LP1371,Male,Yes,0,Not Graduate,No,1729,2248,40.0,360.0,1.0,Urban,N
LP1372,Male,Yes,1,Not Graduate,No,2139,1841,49.0,360.0,0.0,Semiurban,N
LP1373,Male,Yes,0,Graduate,No,76867,0,49.0,360.0,1.0,Semiurban,Y
LP1374,Male,Yes,0,Not Graduate,No,2066,2231,31.0,360.0,1.0,Semiurban,Y
LP1375,Male,Yes,1,Not Graduate,No,4315,2239,80.0,360.0,0.0,Semiurban,N
LP1376,Female,Yes,0,Graduate,No,5049,0,32.0,360.0,1.0,Urban,N
LP1377,Male,Yes,2,Graduate,No,2222,2620,63.0,60.0,1.0,Semiurban,Y
LP1378,Male,No,0,Graduate,No,6001,1666,75.0,36.0,1.0,Semiurban,Y
LP1379,Male,Yes,3+,Graduate,No,5544,0,97.0,360.0,,Semiurban,Y
LP1380,Male,Yes,2,Graduate,No,3305,3557,71.0,180.0,1.0,Urban,N
LP1381,Female,Yes,3+,Graduate,No,3914,1345,36.0,360.0,1.0,Semiurban,Y
LP1382,Male,Yes,2,Graduate,No,1759,0,28.0,360.0,1.0,Semiurban,Y
LP1383,Male,Yes,0,Not Graduate,No,3643,0,57.0,120.0,1.0,Urban,Y
LP1384,Male,No,1,Graduate,No,4244,3023,102.0,360.0,1.0,Rural,Y
LP1385,Female,No,0,Graduate,No,4564,0,67.0,360.0,1.0,Rural,Y
LP1386,Male,Yes,2,Graduate,No,5017,600,47.0,360.0,0.0,Urban,N
LP1387,Female,Yes,1,Graduate,No,4722,3617,111.0,360.0,1.0,Semiurban,Y
LP1388,Male,Yes,0,Graduate,Yes,3756,2124,32.0,180.0,0.0,Semiurban,Y
LP1389,Female,Yes,3+,Not Graduate,Yes,4812,1326,,360.0,1.0,Rural,N
LP1390,Male,Yes,0,Not Graduate,Yes,6640,3810,179.0,360.0,1.0,Urban,N
LP1391,Male,No,1,Not Graduate,No,4052,1244,77.0,360.0,1.0,Urban,Y
LP1392,Male,Yes,2,Not Graduate,No,4880,1582,52.0,360.0,0.0,Semiurban,N
LP1393,Male,Yes,0,Not Graduate,No,3890,0,25.0,240.0,1.0,Urban,Y
LP1394,Male,Yes,1,Graduate,No,3162,0,55.0,360.0,0.0,Semiurban,N
LP1395,Male,Yes,2,Graduate,No,61678,1881,47.0,360.0,1.0,Semiurban,Y
LP1396,Female,Yes,0,Graduate,No,3295,0,27.0,180.0,1.0,Urban,Y
LP1397,Male,Yes,,Graduate,No,5033,2244,54.0,360.0,1.0,Semiurban,N
LP1398,Male,No,0,Graduate,No,4284,0,22.0,360.0,0.0,Rural,Y
LP1399,Male,Yes,2,Graduate,No,3689,0,34.0,360.0,1.0,Rural,Y
LP1400,Male,Yes,0,Not Graduate,No,3649,0,64.0,240.0,,Semiurban,Y
LP1401,Female,Yes,3+,Graduate,No,3366,553,37.0,360.0,1.0,Urban,N
LP1402,Male,No,3+,Not Graduate,,2017,1088,36.0,240.0,1.0,Urban,Y
LP1403,Male,Yes,0,Graduate,No,5026,3041,119.0,360.0,1.0,Rural,Y
LP1404,Female,No,0,Graduate,No,4695,852,67.0,360.0,1.0,Semiurban,Y
LP1405,Female,No,1,Graduate,No,6200,1670,115.0,240.0,,Semiurban,N
LP1406,Male,Yes,2,Graduate,,3330,2407,78.0,300.0,1.0,Rural,Y
LP1407,Female,No,0,Graduate,No,9926,0,128.0,360.0,,Urban,Y
LP1408,Male,Yes,0,Graduate,No,3566,1456,68.0,240.0,1.0,Semiurban,Y
LP1409,Female,No,0,Not Graduate,No,2853,0,44.0,360.0,1.0,Urban,N
LP1410,Male,Yes,3+,Graduate,No,2705,1941,66.0,360.0,1.0,Urban,Y
LP1411,Male,No,0,Graduate,No,1939,2424,67.0,360.0,1.0,Semiurban,Y
LP1412,Male,Yes,3+,Graduate,Yes,8431,0,58.0,120.0,1.0,Semiurban,N
LP1413,Female,Yes,0,Graduate,No,7840,3559,157.0,180.0,,Rural,Y
LP1414,Male,Yes,3+,Graduate,No,5543,0,81.0,180.0,1.0,Urban,Y
LP1415,Male,No,0,Graduate,No,2826,0,25.0,360.0,1.0,Rural,N
LP1416,Male,Yes,0,Graduate,No,9557,0,156.0,360.0,1.0,Rural,Y
LP1417,Male,Yes,3+,Graduate,No,3611,0,32.0,360.0,1.0,Semiurban,Y
LP1418,Male,No,3+,Graduate,No,3748,0,31.0,36.0,1.0,Rural,Y
LP1419,Female,No,0,Graduate,No,8077,2169,167.0,240.0,1.0,Semiurban,Y
LP1420,Male,Yes,0,Graduate,No,5690,3084,72.0,180.0,1.0,Semiurban,Y
LP1421,Male,Yes,0,Graduate,No,11390,2223,142.0,360.0,1.0,Urban,Y
LP1422,Male,Yes,0,Graduate,No,4731,2458,,240.0,,Urban,Y
LP1423,Male,No,0,Graduate,Yes,3538,0,59.0,180.0,1.0,Rural,Y
LP1424,,Yes,3+,Graduate,No,3212,0,35.0,360.0,1.0,Semiurban,Y
LP1425,Female,No,0,Graduate,Yes,1842,3918,81.0,360.0,1.0,Urban,Y
LP1426,Male,Yes,2,Graduate,No,3732,2834,101.0,240.0,0.0,Urban,N
LP1427,Female,Yes,0,Graduate,No,7080,1138,108.0,360.0,1.0,Semiurban,Y
LP1428,Male,Yes,0,Graduate,No,5538,0,96.0,84.0,1.0,Semiurban,Y
LP1429,Female,Yes,2,Not Graduate,Yes,4269,542,74.0,12.0,1.0,Urban,Y
LP1430,Female,No,0,Graduate,No,2703,1457,42.0,84.0,1.0,Rural,Y
LP1431,Male,Yes,2,Not Graduate,No,4685,3390,140.0,300.0,,Semiurban,Y
LP1432,Male,Yes,0,Graduate,,6673,0,79.0,360.0,1.0,Rural,Y
LP1433,Female,No,3+,Graduate,No,5135,0,27.0,360.0,1.0,Urban,Y
LP1434,Male,No,2,Graduate,No,4560,380,41.0,360.0,1.0,Semiurban,Y
LP1435,Male,No,3+,Graduate,No,2955,1610,60.0,300.0,1.0,Urban,Y
LP1436,Male,Yes,0,Not Graduate,No,6249,2407,61.0,360.0,1.0,Semiurban,Y
LP1437,Male,Yes,0,Graduate,No,1500,0,19.0,360.0,1.0,Semiurban,Y
LP1438,Male,No,0,Graduate,No,5026,3392,82.0,300.0,1.0,Semiurban,Y
LP1439,Male,Yes,1,Graduate,No,13449,1780,182.0,360.0,1.0,Urban,Y
LP1440,Female,Yes,,Graduate,No,2146,1824,20.0,360.0,1.0,Rural,Y
LP1441,Male,No,0,Graduate,No,3795,960,76.0,360.0,1.0,Urban,Y
LP1442,Male,Yes,0,Not Graduate,,4215,0,41.0,240.0,1.0,Semiurban,Y
LP1443,Male,Yes,0,Graduate,,3435,0,23.0,360.0,1.0,Rural,Y
LP1444,Male,No,0,Not Graduate,No,6744,723,80.0,360.0,1.0,Semiurban,Y
LP1445,Male,Yes,0,Graduate,,5232,1100,72.0,360.0,1.0,Rural,Y
LP1446,Female,Yes,0,Graduate,No,4530,4581,121.0,,1.0,Semiurban,Y
LP1447,Male,Yes,1,Graduate,No,6056,1722,92.0,300.0,1.0,Rural,Y
LP1448,Male,Yes,0,Not Graduate,No,4262,0,24.0,360.0,0.0,Semiurban,N
LP1449,Male,Yes,0,Graduate,No,17693,0,289.0,360.0,1.0,Semiurban,Y
LP1450,Male,No,1,Graduate,Yes,4528,746,58.0,360.0,1.0,Urban,Y
LP1451,Female,No,2,Graduate,No,4619,0,28.0,84.0,1.0,Rural,Y
LP1452,Male,Yes,0,Graduate,No,1959,605,39.0,180.0,1.0,Urban,Y
LP1453,Male,Yes,1,Graduate,No,3312,0,45.0,60.0,1.0,Rural,Y
LP1454,,No,3+,Graduate,,7089,0,95.0,120.0,1.0,Urban,Y
LP1455,Male,Yes,1,Graduate,No,2319,2268,48.0,360.0,0.0,Urban,N
LP1456,Female,Yes,3+,Graduate,No,1602,0,17.0,180.0,1.0,Rural,N
LP1457,Male,Yes,2,Graduate,Yes,4292,727,60.0,360.0,0.0,Urban,N
LP1458,Male,No,0,Not Graduate,No,7839,1286,52.0,360.0,,Semiurban,Y
LP1459,Male,Yes,0,Graduate,No,4312,1324,,360.0,1.0,Semiurban,Y
LP1460,Male,No,2,Not Graduate,Yes,3636,1306,88.0,180.0,1.0,Urban,N
LP1461,Male,Yes,3+,Not Graduate,No,1833,3407,674.0,360.0,1.0,Urban,Y
LP1462,Female,Yes,0,Graduate,No,5185,1025,,360.0,1.0,Semiurban,Y
LP1463,Male,Yes,0,Graduate,No,5696,0,,360.0,1.0,Urban,Y
LP1464,Male,Yes,1,Graduate,No,1897,0,28.0,180.0,1.0,Urban,Y
LP1465,,Yes,,Graduate,No,7048,3389,88.0,360.0,1.0,Urban,Y
LP1466,Male,Yes,2,Graduate,No,5970,1857,56.0,60.0,1.0,Semiurban,Y
LP1467,Female,Yes,1,Graduate,No,7041,3088,71.0,360.0,1.0,Urban,Y
LP1468,Male,Yes,2,Graduate,Yes,5500,1818,106.0,360.0,1.0,Urban,Y
LP1469,Male,Yes,3+,Graduate,No,5677,2537,110.0,240.0,1.0,Semiurban,N
LP1470,Male,Yes,1,Not Graduate,No,5347,0,32.0,360.0,1.0,Semiurban,Y
LP1471,Male,No,1,Graduate,No,6253,468,44.0,180.0,,Urban,Y
LP1472,Male,Yes,2,Graduate,No,1866,0,25.0,360.0,0.0,Urban,N
LP1473,Male,No,2,Not Graduate,No,2153,2533,58.0,360.0,1.0,Rural,N
LP1474,Male,No,3+,Graduate,No,3038,2595,78.0,300.0,1.0,Semiurban,Y
LP1475,Male,Yes,0,Graduate,No,3990,1497,40.0,300.0,1.0,Semiurban,Y
LP1476,Male,No,1,Not Graduate,No,5037,0,73.0,120.0,1.0,Semiurban,N
LP1477,Male,No,0,Graduate,No,4896,1552,111.0,360.0,1.0,Urban,Y
LP1478,Male,Yes,3+,Graduate,No,6993,2519,122.0,360.0,1.0,Rural,Y
LP1479,Male,Yes,1,Graduate,No,7093,2771,74.0,36.0,1.0,Rural,Y
LP1480,Male,Yes,0,Not Graduate,No,2857,5143,111.0,360.0,1.0,Rural,Y
LP1481,Male,Yes,0,Graduate,No,4710,1678,60.0,84.0,1.0,Urban,Y
LP1482,Male,Yes,0,Graduate,No,2888,1395,24.0,360.0,1.0,Urban,Y
LP1483,Male,No,2,Graduate,No,3887,0,35.0,360.0,1.0,Urban,Y
LP1484,Male,No,0,Graduate,No,4889,0,82.0,84.0,1.0,Urban,N
LP1485,Male,Yes,0,Graduate,Yes,1500,0,16.0,360.0,1.0,Urban,Y
LP1486,Male,No,3+,Graduate,No,12520,0,203.0,240.0,1.0,Semiurban,Y
LP1487,Male,Yes,2,Not Graduate,No,5458,11094,192.0,360.0,1.0,Urban,Y
LP1488,Male,No,0,Graduate,No,3235,0,38.0,360.0,1.0,Rural,Y
LP1489,Male,Yes,0,Graduate,No,10070,976,56.0,360.0,1.0,Urban,Y
LP1490,Male,No,3+,Graduate,No,3618,0,48.0,360.0,1.0,Urban,Y
LP1491,Male,No,2,Graduate,No,4490,0,29.0,360.0,1.0,Rural,Y
LP1492,Male,Yes,1,Graduate,No,3398,1607,56.0,300.0,0.0,Semiurban,N
LP1493,Male,Yes,0,Graduate,No,50141,1601,88.0,360.0,1.0,Semiurban,Y
LP1494,Male,No,,Graduate,No,4035,1447,55.0,240.0,0.0,Semiurban,N
LP1495,Male,Yes,0,Graduate,No,4525,929,65.0,360.0,0.0,Urban,Y
LP1496,Male,Yes,2,Graduate,No,7271,0,38.0,84.0,1.0,Urban,Y
LP1497,Male,No,,Graduate,No,5504,2355,68.0,360.0,1.0,Semiurban,Y
LP1498,Male,Yes,0,Graduate,No,4128,1765,105.0,360.0,1.0,Semiurban,Y
LP1499,Male,Yes,2,Not Graduate,Yes,6972,0,40.0,360.0,0.0,Semiurban,N
LP1500,Male,Yes,3+,Graduate,No,13257,2589,145.0,360.0,1.0,Urban,Y
LP1501,Female,Yes,2,Not Graduate,No,4880,2325,66.0,360.0,1.0,Semiurban,Y
LP1502,Female,No,0,Not Graduate,No,4458,2912,73.0,240.0,1.0,Rural,N
LP1503,Male,Yes,0,Graduate,No,4568,2151,93.0,360.0,0.0,Urban,N
LP1504,Male,Yes,0,Not Graduate,Yes,7629,2889,86.0,360.0,1.0,Urban,Y
LP1505,Male,Yes,,Graduate,No,3230,0,35.0,360.0,1.0,Semiurban,Y
LP1506,Male,No,1,Graduate,No,3732,2185,79.0,120.0,1.0,Rural,Y
LP1507,Female,Yes,,Graduate,No,2118,1770,36.0,360.0,1.0,Semiurban,Y
LP1508,Male,No,1,Graduate,Yes,2483,0,43.0,120.0,0.0,Semiurban,N
LP1509,Male,No,3+,Graduate,No,3351,0,59.0,360.0,1.0,Semiurban,Y
LP1510,Male,No,,Graduate,No,4125,2478,43.0,120.0,,Urban,Y
LP1511,Female,No,0,Graduate,,9378,2509,113.0,120.0,1.0,Semiurban,Y
LP1512,Male,No,0,Not Graduate,No,5384,1429,52.0,36.0,1.0,Urban,Y
LP1513,Male,No,0,Graduate,No,2806,1281,30.0,300.0,1.0,Semiurban,Y
LP1514,Male,Yes,0,Graduate,No,3049,1645,848.0,360.0,1.0,Urban,N
LP1515,Male,No,0,Graduate,No,7853,1524,116.0,360.0,1.0,Urban,Y
LP1516,Male,Yes,0,Graduate,No,7023,0,74.0,360.0,1.0,Semiurban,Y
LP1517,Male,Yes,2,Graduate,Yes,4284,1396,49.0,360.0,0.0,Semiurban,N
LP1518,Male,No,0,Graduate,No,3466,0,30.0,120.0,1.0,Semiurban,Y
LP1519,Female,No,3+,Graduate,No,7018,0,126.0,60.0,1.0,Semiurban,N
LP1520,Female,No,0,Graduate,Yes,2705,2711,92.0,360.0,1.0,Rural,N
LP1521,Male,Yes,0,Not Graduate,No,5046,0,30.0,360.0,1.0,Rural,Y
LP1522,Male,Yes,0,Graduate,Yes,11763,2843,198.0,360.0,0.0,Rural,N
LP1523,Male,Yes,0,Graduate,No,4640,1470,67.0,240.0,1.0,Semiurban,Y
LP1524,Male,Yes,0,Graduate,Yes,2984,0,42.0,360.0,1.0,Semiurban,Y
LP1525,Male,Yes,3+,Not Graduate,,5088,1983,90.0,60.0,1.0,Semiurban,Y
LP1526,Female,Yes,0,Graduate,,3424,1797,86.0,360.0,1.0,Semiurban,N
LP1527,Female,Yes,0,Graduate,No,2259,0,13.0,120.0,1.0,Urban,Y
LP1528,Male,No,1,Graduate,No,5799,0,55.0,360.0,1.0,Semiurban,Y
LP1529,Male,Yes,0,Graduate,Yes,6996,0,125.0,360.0,1.0,Urban,N
LP1530,Male,No,1,Graduate,No,79626,0,27.0,360.0,1.0,Urban,Y
LP1531,Male,Yes,0,Graduate,No,3570,0,24.0,60.0,1.0,Rural,Y
LP1532,Male,Yes,2,Graduate,No,2744,0,40.0,360.0,1.0,Urban,Y
LP1533,Male,Yes,0,Graduate,No,3954,0,60.0,120.0,1.0,Semiurban,Y
LP1534,,Yes,0,Graduate,No,3284,748,55.0,360.0,,Semiurban,N
LP1535,Male,No,2,Graduate,No,2684,0,41.0,120.0,1.0,Urban,Y
LP1536,Male,Yes,3+,Not Graduate,No,9912,0,139.0,60.0,0.0,Rural,N
LP1537,Male,Yes,0,Graduate,Yes,5218,2962,55.0,360.0,0.0,Urban,N
LP1538,Male,No,1,Graduate,No,5473,0,71.0,60.0,1.0,Rural,Y
LP1539,Female,No,0,Graduate,No,6295,1041,111.0,240.0,1.0,Rural,Y
LP1540,Female,Yes,0,Not Graduate,No,5985,0,97.0,360.0,1.0,Urban,N
LP1541,Male,Yes,0,Graduate,No,3513,1180,38.0,360.0,1.0,Urban,Y
LP1542,Female,Yes,2,Not Graduate,No,4782,3753,57.0,360.0,1.0,Urban,N
LP1543,Female,Yes,0,Graduate,,3748,2133,89.0,300.0,1.0,Semiurban,Y
LP1544,Male,Yes,2,Graduate,No,5153,1586,56.0,360.0,1.0,Urban,Y
LP1545,Male,Yes,0,Graduate,No,4933,1950,37.0,360.0,0.0,Rural,N
LP1546,Male,No,3+,Graduate,No,3561,0,56.0,120.0,1.0,Urban,Y
LP1547,Male,Yes,2,Not Graduate,No,2326,0,27.0,,1.0,Rural,Y
LP1548,Male,Yes,0,Not Graduate,No,4518,1102,52.0,84.0,1.0,Urban,N
LP1549,Male,Yes,,Graduate,No,3859,0,20.0,360.0,0.0,Rural,N
LP1550,Male,No,0,Not Graduate,No,1807,0,10.0,360.0,1.0,Urban,Y
LP1551,Male,Yes,3+,Graduate,No,5316,2298,117.0,360.0,0.0,Semiurban,N
LP1552,Male,No,0,Graduate,No,6532,0,74.0,360.0,0.0,Semiurban,N
LP1553,Female,No,1,Graduate,No,13197,0,92.0,180.0,1.0,Urban,Y
LP1554,Male,Yes,0,Graduate,No,3547,1990,53.0,300.0,1.0,Rural,N
LP1555,Male,Yes,2,Not Graduate,No,3320,0,24.0,360.0,1.0,Urban,Y
LP1556,Male,Yes,0,Graduate,Yes,2568,3013,36.0,360.0,1.0,Semiurban,Y
LP1557,Male,Yes,1,Graduate,No,4647,1823,56.0,360.0,1.0,Semiurban,N
LP1558,Male,No,3+,Graduate,,4633,1052,69.0,180.0,1.0,Semiurban,Y
LP1559,Male,Yes,0,Graduate,No,2936,5521,,360.0,1.0,Urban,Y
LP1560,Male,No,2,Graduate,No,3910,0,37.0,300.0,1.0,Urban,Y
LP1561,Male,Yes,0,Graduate,No,1736,1911,41.0,180.0,1.0,Urban,Y
LP1562,Female,Yes,0,Graduate,Yes,6418,1599,84.0,360.0,1.0,Urban,Y
LP1563,Male,Yes,3+,Graduate,No,2990,3824,45.0,360.0,1.0,Urban,Y
LP1564,Male,No,2,Graduate,No,4165,0,23.0,360.0,1.0,Rural,Y
LP1565,Male,No,2,Graduate,No,2226,0,12.0,360.0,1.0,Semiurban,Y
LP1566,Male,Yes,0,Graduate,No,3255,0,,,1.0,Semiurban,Y
LP1567,Male,Yes,0,Graduate,No,3730,0,54.0,360.0,,Semiurban,Y
LP1568,Male,No,0,Not Graduate,No,4209,0,28.0,360.0,1.0,Urban,Y
LP1569,Male,Yes,1,Graduate,No,5249,1737,106.0,360.0,1.0,Semiurban,Y
LP1570,Male,No,0,Not Graduate,Yes,8084,0,620.0,240.0,1.0,Urban,Y
LP1571,Female,Yes,0,Graduate,No,5882,3015,45.0,60.0,0.0,Urban,N
LP1572,Male,Yes,0,Graduate,Yes,6522,1726,44.0,360.0,1.0,Semiurban,Y
LP1573,Male,Yes,0,Graduate,No,8109,0,,12.0,1.0,Semiurban,Y
LP1574,Female,Yes,0,Graduate,No,5466,2395,45.0,60.0,1.0,Rural,Y
LP1575,Male,Yes,0,Not Graduate,No,4161,1265,65.0,360.0,1.0,Urban,Y
LP1576,Female,Yes,3+,Graduate,No,6662,0,37.0,360.0,0.0,Semiurban,N
LP1577,Male,No,1,Graduate,Yes,49103,2368,142.0,180.0,0.0,Urban,N
LP1578,Female,Yes,0,Graduate,No,5664,790,74.0,360.0,1.0,Urban,Y
LP1579,Male,Yes,2,Graduate,Yes,2198,1801,58.0,360.0,,Semiurban,Y
LP1580,,Yes,2,Graduate,No,2897,1691,,360.0,1.0,Urban,Y
LP1581,Male,Yes,0,Graduate,No,3738,3517,84.0,360.0,0.0,Semiurban,N
LP1582,,Yes,0,Graduate,,6008,0,102.0,360.0,1.0,Semiurban,Y
LP1583,,Yes,0,Graduate,No,4190,1620,104.0,240.0,0.0,Urban,N
LP1584,Female,Yes,0,Graduate,Yes,7056,1533,83.0,300.0,1.0,Rural,Y
LP1585,Male,Yes,2,Graduate,No,7645,3388,73.0,360.0,1.0,Semiurban,Y
LP1586,Male,,3+,Graduate,,7256,1951,90.0,360.0,1.0,Rural,N
LP1587,Male,Yes,0,Graduate,No,7277,5366,100.0,360.0,1.0,Semiurban,Y
LP1588,Male,No,2,Graduate,No,2653,2876,66.0,360.0,1.0,Rural,N
LP1589,Male,Yes,0,Graduate,No,5256,0,52.0,240.0,1.0,Urban,Y
LP1590,Female,Yes,1,Graduate,No,3218,2280,62.0,300.0,1.0,Semiurban,Y
LP1591,Male,No,2,Graduate,No,2014,0,30.0,360.0,1.0,Rural,Y
LP1592,Male,Yes,0,Graduate,No,3717,3206,59.0,36.0,1.0,Urban,Y
LP1593,Male,No,0,Graduate,No,7678,960,104.0,360.0,1.0,Semiurban,Y
LP1594,Male,Yes,1,Graduate,No,5205,1270,61.0,360.0,1.0,Rural,N
LP1595,Male,Yes,3+,Not Graduate,No,10488,2567,198.0,360.0,1.0,Semiurban,Y
LP1596,Male,No,0,Graduate,No,4581,3921,113.0,240.0,0.0,Semiurban,N
LP1597,Male,Yes,0,Graduate,Yes,12727,0,65.0,360.0,0.0,Semiurban,N
LP1598,Female,Yes,0,Graduate,No,4582,0,62.0,120.0,1.0,Rural,Y
LP1599,Male,No,1,Graduate,No,4273,0,31.0,360.0,1.0,Rural,N
LP1600,Male,No,1,Not Graduate,No,2379,709,45.0,120.0,1.0,Semiurban,Y
LP1601,Male,No,2,Graduate,No,6973,0,86.0,360.0,1.0,Urban,Y
LP1602,Female,Yes,2,Graduate,No,3375,862,43.0,360.0,0.0,Urban,N
LP1603,Male,Yes,3+,Not Graduate,No,3162,0,44.0,360.0,1.0,Semiurban,N
LP1604,Female,No,2,Graduate,No,7529,1927,153.0,360.0,,Rural,N
LP1605,Male,Yes,0,Graduate,No,7124,2831,151.0,180.0,1.0,Semiurban,Y
LP1606,Female,No,1,Graduate,No,7040,1477,103.0,360.0,1.0,Urban,Y
LP1607,Male,Yes,0,Graduate,No,3594,1086,67.0,360.0,0.0,Urban,N
LP1608,Male,Yes,0,Graduate,No,4134,1592,59.0,360.0,1.0,Semiurban,Y
LP1609,Male,No,3+,Graduate,No,4118,2035,94.0,180.0,0.0,Rural,N
LP1610,Male,Yes,2,Not Graduate,No,6016,2269,131.0,360.0,1.0,Urban,Y
LP1611,Male,Yes,3+,Not Graduate,No,8511,0,58.0,360.0,1.0,Semiurban,Y
LP1612,Female,Yes,0,Graduate,No,4992,0,40.0,360.0,0.0,Rural,N
LP1613,Female,No,1,Graduate,No,10288,1420,100.0,360.0,1.0,Rural,Y
LP1614,Male,No,0,Graduate,No,6334,1238,54.0,36.0,1.0,Urban,Y
LP1615,Male,Yes,0,Graduate,No,3806,1483,53.0,360.0,1.0,Rural,N
LP1616,Male,Yes,0,Graduate,No,6142,3609,73.0,300.0,0.0,Semiurban,N
LP1617,Male,No,1,Graduate,No,9115,0,116.0,,1.0,Rural,Y
LP1618,Male,Yes,0,Graduate,Yes,10397,1364,74.0,360.0,,Urban,Y
LP1619,Male,Yes,3+,Graduate,No,7216,3325,90.0,240.0,1.0,Semiurban,Y
LP1620,Male,Yes,0,Graduate,No,4279,6493,147.0,360.0,1.0,Semiurban,Y
LP1621,Male,Yes,0,Graduate,No,49295,2242,62.0,60.0,1.0,Urban,Y
LP1622,Female,No,2,Graduate,No,5482,3939,,360.0,1.0,Semiurban,Y
LP1623,Male,No,0,Not Graduate,No,49392,3533,192.0,360.0,1.0,Semiurban,Y
LP1624,Female,No,3+,Graduate,No,5142,1432,117.0,360.0,1.0,Semiurban,Y
LP1625,Male,Yes,2,Not Graduate,Yes,5190,0,64.0,360.0,1.0,Urban,Y
LP1626,Male,Yes,0,Graduate,No,4329,987,32.0,360.0,0.0,Semiurban,N
LP1627,Male,Yes,2,Not Graduate,,3650,1785,34.0,240.0,1.0,Urban,N
LP1628,Male,Yes,1,Graduate,No,3933,1416,94.0,360.0,1.0,Rural,Y
LP1629,Female,Yes,2,Graduate,No,4496,0,62.0,360.0,1.0,Rural,Y
LP1630,Female,Yes,2,Not Graduate,Yes,9165,1323,155.0,360.0,1.0,Urban,Y
LP1631,Female,Yes,2,Graduate,No,3798,0,52.0,,1.0,Urban,Y
LP1632,Male,Yes,1,Graduate,No,4332,2678,51.0,120.0,1.0,Urban,Y
LP1633,Male,No,0,Graduate,No,2866,0,31.0,360.0,1.0,Semiurban,Y
LP1634,Male,Yes,2,Graduate,No,80124,0,90.0,360.0,,Rural,Y
LP1635,Male,Yes,3+,Graduate,No,7824,1326,149.0,360.0,,Semiurban,Y
LP1636,Male,No,1,Graduate,No,8787,0,71.0,360.0,1.0,Urban,Y
LP1637,Male,No,2,Not Graduate,Yes,4636,0,59.0,360.0,1.0,Urban,Y
LP1638,Male,No,0,Graduate,No,5478,2635,57.0,36.0,1.0,Urban,Y
LP1639,Female,,2,Graduate,No,3948,2301,109.0,360.0,1.0,Rural,N
LP1640,Male,No,3+,Graduate,No,5365,0,44.0,240.0,1.0,Semiurban,Y
LP1641,Female,Yes,0,Not Graduate,,4872,2289,103.0,120.0,1.0,Semiurban,Y
LP1642,Male,Yes,0,Graduate,No,4343,1543,47.0,12.0,1.0,Urban,N
LP1643,Male,Yes,1,Graduate,No,4501,1068,72.0,360.0,1.0,Rural,Y
LP1644,Male,Yes,0,Graduate,No,5184,0,70.0,360.0,0.0,Urban,N
LP1645,Female,Yes,1,Graduate,No,3706,0,34.0,84.0,1.0,Rural,Y
LP1646,Male,Yes,0,Not Graduate,Yes,3793,3367,112.0,180.0,1.0,Rural,N
LP1647,Male,No,0,Graduate,No,9121,1430,174.0,360.0,1.0,Semiurban,Y
LP1648,Male,Yes,1,Graduate,No,14325,0,231.0,180.0,1.0,Rural,Y
LP1649,Male,Yes,1,Graduate,No,2460,1523,37.0,360.0,1.0,Urban,Y
LP1650,Male,Yes,2,Graduate,No,2400,0,35.0,60.0,1.0,Semiurban,N
LP1651,Female,Yes,2,Graduate,No,2750,1509,52.0,360.0,1.0,Urban,N
LP1652,Male,Yes,1,Graduate,No,4038,1767,74.0,300.0,1.0,Semiurban,Y
LP1653,Male,Yes,2,Graduate,No,6330,528,77.0,360.0,1.0,Urban,N
LP1654,Female,Yes,1,Graduate,No,5520,1692,92.0,360.0,1.0,Urban,N
LP1655,,,1,Graduate,No,4571,0,31.0,,1.0,Urban,Y
LP1656,Female,No,1,Graduate,No,5367,1595,72.0,240.0,0.0,Urban,N
LP1657,Male,Yes,0,Graduate,No,3098,0,23.0,60.0,1.0,Semiurban,Y
LP1658,Male,Yes,0,Graduate,Yes,3790,1054,42.0,120.0,1.0,Semiurban,Y
LP1659,Male,No,1,Graduate,No,4192,1466,38.0,360.0,0.0,Urban,N
LP1660,Male,No,3+,Graduate,Yes,2074,0,16.0,240.0,1.0,Rural,Y
LP1661,Female,Yes,2,Graduate,,2508,0,38.0,300.0,1.0,Rural,Y
LP1662,Male,No,0,Graduate,No,2554,0,,120.0,1.0,Urban,Y
LP1663,Male,No,1,Graduate,No,5966,0,815.0,360.0,1.0,Semiurban,Y
LP1664,Male,No,0,Graduate,No,4724,0,72.0,360.0,0.0,Semiurban,N
LP1665,Male,Yes,2,Graduate,No,5569,1343,116.0,360.0,0.0,Rural,N
LP1666,Female,Yes,2,Graduate,,1849,1057,48.0,360.0,1.0,Semiurban,N
LP1667,Female,Yes,1,Graduate,No,2170,4099,98.0,360.0,1.0,Rural,Y
LP1668,Male,Yes,1,Graduate,No,5701,3702,168.0,360.0,,Urban,Y
LP1669,Male,Yes,0,Graduate,No,1500,1885,,360.0,0.0,Urban,N
LP1670,Male,Yes,0,Not Graduate,Yes,7340,0,129.0,360.0,1.0,Semiurban,Y
LP1671,Male,Yes,3+,Graduate,,1862,974,49.0,12.0,1.0,Semiurban,N
LP1672,Female,Yes,2,Not Graduate,No,6183,2195,76.0,360.0,1.0,Rural,Y
LP1673,Male,No,1,Graduate,Yes,2836,2703,90.0,240.0,1.0,Urban,Y
LP1674,Male,Yes,0,Graduate,No,6782,641,114.0,84.0,1.0,Urban,Y
LP1675,Male,Yes,0,Graduate,No,17920,1675,296.0,360.0,0.0,Urban,Y
LP1676,Female,No,0,Graduate,No,1521,4866,106.0,12.0,1.0,Urban,Y
LP1677,Male,No,0,Not Graduate,Yes,5784,1773,76.0,360.0,1.0,Urban,N
LP1678,Male,No,0,Graduate,No,1875,4534,65.0,360.0,1.0,Semiurban,Y
LP1679,Male,No,3+,Not Graduate,No,5126,2855,106.0,360.0,0.0,Semiurban,N
LP1680,Male,No,1,Graduate,No,3854,0,56.0,300.0,1.0,Semiurban,Y
LP1681,Male,Yes,0,Not Graduate,No,4485,0,74.0,360.0,1.0,Semiurban,Y
LP1682,Male,Yes,0,Not Graduate,No,2807,1862,77.0,360.0,,Urban,Y
LP1683,Male,Yes,0,Graduate,No,6010,0,86.0,240.0,1.0,Semiurban,Y
LP1684,Male,Yes,2,Graduate,Yes,2204,1172,59.0,240.0,1.0,Urban,Y
LP1685,Male,No,0,Graduate,No,7396,0,54.0,360.0,0.0,Rural,N
LP1686,Male,Yes,2,Graduate,Yes,3519,1167,81.0,360.0,1.0,Urban,Y
LP1687,Female,Yes,2,Not Graduate,No,2250,0,13.0,240.0,1.0,Semiurban,Y
LP1688,Male,Yes,0,Graduate,Yes,8671,1572,125.0,300.0,1.0,Rural,Y
LP1689,Male,Yes,1,Graduate,No,4104,0,25.0,360.0,0.0,Semiurban,N
LP1690,Male,,3+,Graduate,,9981,0,124.0,180.0,1.0,Semiurban,Y
LP1691,Female,Yes,0,Graduate,No,7329,0,74.0,60.0,1.0,Semiurban,Y
LP1692,Male,No,0,Not Graduate,No,2954,2731,34.0,360.0,1.0,Urban,Y
LP1693,Male,Yes,3+,Graduate,No,4071,648,63.0,36.0,0.0,Semiurban,N
LP1694,Female,No,3+,Graduate,No,4467,2545,102.0,180.0,0.0,Rural,N
LP1695,Male,No,1,Not Graduate,No,8407,0,61.0,360.0,,Rural,Y
LP1696,Male,Yes,1,Graduate,No,5151,1764,97.0,360.0,1.0,Semiurban,Y
LP1697,Male,Yes,0,Graduate,No,4579,0,34.0,360.0,1.0,Urban,Y
LP1698,Male,No,2,Graduate,No,3866,2814,45.0,300.0,1.0,Rural,N
LP1699,Male,Yes,0,Graduate,No,4135,978,35.0,360.0,1.0,Semiurban,Y
LP1700,Male,No,0,Graduate,No,7609,0,97.0,360.0,0.0,Urban,N
LP1701,Male,Yes,2,Not Graduate,No,4237,1368,85.0,360.0,1.0,Urban,Y
LP1702,Male,No,3+,Graduate,Yes,3541,2214,73.0,360.0,1.0,Urban,N
LP1703,Female,No,2,Not Graduate,No,3281,0,51.0,360.0,1.0,Semiurban,Y
LP1704,Male,Yes,0,Not Graduate,No,3297,0,42.0,360.0,1.0,Urban,Y
LP1705,Male,Yes,0,Not Graduate,No,2251,0,35.0,360.0,1.0,Urban,Y
LP1706,Male,No,3+,Graduate,No,3018,0,53.0,120.0,1.0,Urban,Y
LP1707,Male,Yes,,Graduate,No,8302,0,84.0,360.0,1.0,Rural,Y
LP1708,Male,Yes,1,Graduate,Yes,3855,2260,42.0,360.0,1.0,Urban,Y
LP1709,Male,Yes,1,Graduate,No,5808,0,39.0,300.0,1.0,Urban,Y
LP1710,Female,Yes,0,Graduate,No,1500,689,28.0,36.0,1.0,Semiurban,Y
LP1711,Male,No,0,Graduate,No,80259,2150,92.0,360.0,1.0,Urban,Y
LP1712,Female,No,0,Graduate,No,3934,1183,38.0,360.0,1.0,Rural,N
LP1713,Female,Yes,0,Graduate,No,3406,1454,80.0,360.0,1.0,Rural,Y
LP1714,Male,No,0,Graduate,No,4589,0,80.0,360.0,1.0,Semiurban,Y
LP1715,Male,Yes,2,Graduate,No,3384,0,28.0,60.0,1.0,Semiurban,Y
LP1716,Male,Yes,0,Graduate,Yes,1627,0,13.0,240.0,1.0,Semiurban,N
LP1717,Male,Yes,0,Not Graduate,No,6406,2710,71.0,360.0,1.0,Urban,Y
LP1718,,No,1,Graduate,Yes,4719,903,56.0,36.0,1.0,Urban,Y
LP1719,Female,Yes,0,Not Graduate,No,3673,0,59.0,360.0,0.0,Urban,N
LP1720,Male,Yes,0,Not Graduate,No,2739,0,35.0,240.0,1.0,Urban,Y
LP1721,Male,Yes,1,Graduate,No,2183,3929,36.0,360.0,1.0,Semiurban,Y
LP1722,Male,No,0,Graduate,No,4679,0,52.0,360.0,1.0,Urban,Y
LP1723,Female,Yes,1,Graduate,No,8743,1750,65.0,240.0,1.0,Urban,Y
LP1724,Male,,3+,Graduate,No,4635,0,48.0,360.0,1.0,Semiurban,Y
LP1725,Male,No,,Graduate,No,2271,0,23.0,360.0,1.0,Semiurban,Y
LP1726,Male,Yes,3+,Graduate,No,4681,1086,77.0,84.0,1.0,Urban,N
LP1727,Male,Yes,3+,Not Graduate,No,4130,0,50.0,300.0,1.0,Urban,Y
LP1728,Male,Yes,2,Not Graduate,No,6241,0,102.0,360.0,,Urban,Y
LP1729,Male,Yes,1,Not Graduate,Yes,5558,1928,39.0,360.0,1.0,Urban,Y
LP1730,Male,Yes,1,Graduate,No,1500,0,23.0,360.0,1.0,Rural,Y
LP1731,Male,No,1,Graduate,Yes,5407,2315,41.0,360.0,0.0,Rural,N
LP1732,Male,Yes,2,Not Graduate,No,2693,1800,40.0,120.0,1.0,Semiurban,Y
LP1733,Male,No,,Graduate,No,2231,0,37.0,120.0,1.0,Semiurban,N
LP1734,Male,No,3+,Graduate,No,3886,0,54.0,360.0,1.0,Semiurban,Y
LP1735,Male,Yes,1,Graduate,No,5090,0,,360.0,1.0,Semiurban,Y
LP1736,Male,Yes,2,Graduate,No,2022,0,23.0,360.0,1.0,Urban,Y
LP1737,,No,0,Graduate,No,5808,0,84.0,180.0,1.0,Urban,Y
LP1738,Male,Yes,0,Graduate,No,5964,2775,150.0,360.0,1.0,Semiurban,Y
LP1739,Male,No,1,Graduate,No,4321,1662,79.0,360.0,1.0,Semiurban,Y
LP1740,Male,No,1,Graduate,No,2863,1644,24.0,240.0,0.0,Urban,N
LP1741,Male,Yes,0,Graduate,No,2722,1555,49.0,360.0,1.0,Urban,Y
LP1742,Female,Yes,0,Graduate,No,6712,852,,360.0,1.0,Urban,Y
LP1743,Male,Yes,0,Graduate,No,2143,1829,22.0,180.0,,Urban,Y
LP1744,Male,Yes,1,Not Graduate,No,6830,0,87.0,300.0,0.0,Semiurban,N
LP1745,Male,Yes,0,Graduate,Yes,3927,0,59.0,180.0,1.0,Semiurban,Y
LP1746,Male,Yes,3+,Graduate,No,4052,1035,28.0,360.0,0.0,Semiurban,N
LP1747,Male,No,0,Graduate,Yes,1961,1455,52.0,240.0,,Urban,N
LP1748,Male,No,0,Graduate,No,3960,1219,73.0,120.0,1.0,Urban,Y
LP1749,Female,No,0,Not Graduate,No,5575,0,82.0,36.0,1.0,Rural,Y
LP1750,Male,Yes,1,Graduate,No,2318,1239,29.0,36.0,1.0,Semiurban,Y
LP1751,Male,Yes,0,Graduate,No,5294,0,54.0,180.0,1.0,Urban,Y
LP1752,Male,Yes,1,Graduate,No,4403,3407,51.0,360.0,1.0,Urban,Y
LP1753,Male,Yes,3+,Graduate,No,3166,1844,41.0,12.0,,Rural,Y
LP1754,Male,No,0,Not Graduate,Yes,6214,937,64.0,240.0,1.0,Rural,Y
LP1755,Male,Yes,2,Not Graduate,No,1570,944,23.0,60.0,0.0,Rural,N
LP1756,Male,Yes,0,Not Graduate,Yes,4944,0,36.0,360.0,0.0,Semiurban,N
LP1757,Female,No,0,Not Graduate,No,8767,999,73.0,36.0,1.0,Semiurban,Y
LP1758,Male,Yes,0,Graduate,,8087,2479,177.0,360.0,1.0,Semiurban,Y
LP1759,Male,Yes,0,Not Graduate,,5041,2128,109.0,360.0,1.0,Urban,Y
LP1760,Male,Yes,1,Graduate,No,3693,0,35.0,360.0,1.0,Semiurban,Y
LP1761,Male,Yes,2,Not Graduate,No,3178,0,55.0,240.0,1.0,Semiurban,Y
LP1762,Male,No,2,Graduate,No,3691,0,30.0,360.0,1.0,Urban,Y
LP1763,Male,Yes,1,Graduate,Yes,5403,1168,68.0,360.0,0.0,Rural,N
LP1764,Female,No,1,Graduate,No,2942,2961,92.0,60.0,1.0,Semiurban,Y
LP1765,Male,No,0,Not Graduate,No,5948,1414,79.0,360.0,,Urban,Y
LP1766,Male,No,0,Graduate,No,11047,440,92.0,360.0,1.0,Urban,Y
LP1767,Male,Yes,0,Graduate,No,4114,2855,68.0,300.0,1.0,Rural,Y
LP1768,Male,Yes,2,Graduate,No,2310,0,27.0,300.0,1.0,Rural,Y
LP1769,Male,No,3+,Not Graduate,No,2310,2584,64.0,360.0,1.0,Semiurban,Y
LP1770,Male,Yes,0,Graduate,No,6000,0,62.0,60.0,1.0,Rural,Y
LP1771,,Yes,1,Graduate,No,4118,0,44.0,360.0,1.0,Rural,Y
LP1772,Male,No,2,Graduate,No,6277,0,53.0,180.0,,Rural,Y
LP1773,Female,Yes,2,Graduate,No,3327,0,,36.0,1.0,Rural,N
LP1774,Male,No,1,Graduate,No,6147,0,48.0,12.0,1.0,Semiurban,Y
LP1775,Female,No,1,Graduate,No,3939,1114,82.0,300.0,1.0,Rural,Y
LP1776,Male,No,2,Not Graduate,No,3042,0,45.0,360.0,1.0,Semiurban,Y
LP1777,Male,Yes,3+,Not Graduate,No,3532,0,36.0,360.0,1.0,Semiurban,Y
LP1778,Male,No,0,Not Graduate,Yes,2468,0,36.0,360.0,1.0,Urban,Y
LP1779,Female,Yes,3+,Graduate,No,10355,3766,72.0,360.0,1.0,Rural,Y
LP1780,Male,No,0,Graduate,No,4051,1576,53.0,360.0,1.0,Rural,Y
LP1781,Female,No,2,Graduate,No,5654,0,61.0,300.0,0.0,Urban,N
LP1782,,No,0,Not Graduate,No,3322,0,37.0,36.0,0.0,Rural,N
LP1783,Male,Yes,0,Graduate,No,2635,2334,73.0,360.0,1.0,Semiurban,Y
LP1784,Female,Yes,0,Graduate,No,3808,2708,114.0,360.0,1.0,Urban,N
LP1785,Male,Yes,0,Graduate,Yes,6943,3848,107.0,360.0,1.0,Urban,Y
LP1786,Female,,0,Graduate,No,3347,1040,42.0,360.0,0.0,Rural,Y
LP1787,Male,Yes,0,Graduate,No,2859,971,50.0,360.0,1.0,Semiurban,Y
LP1788,Male,Yes,0,Graduate,No,4537,3988,74.0,240.0,1.0,Urban,Y
LP1789,Male,Yes,0,Graduate,,5295,0,36.0,360.0,1.0,Semiurban,Y
LP1790,Male,,2,Graduate,No,8860,1764,186.0,360.0,0.0,Urban,N
LP1791,Male,No,3+,Graduate,No,4960,0,77.0,360.0,1.0,Semiurban,Y
LP1792,Male,Yes,2,Not Graduate,No,5652,538,108.0,12.0,1.0,Rural,N
LP1793,Male,No,0,Graduate,No,5847,0,46.0,180.0,1.0,Semiurban,Y
LP1794,Male,No,0,Graduate,No,2518,0,13.0,360.0,1.0,Rural,Y
LP1795,Male,Yes,3+,Not Graduate,No,2742,3311,65.0,360.0,1.0,Semiurban,Y
LP1796,Male,Yes,0,Graduate,No,2597,3454,104.0,360.0,1.0,Rural,Y
LP1797,Male,No,0,Graduate,No,2323,0,16.0,360.0,,Urban,N
LP1798,Male,No,3+,Graduate,No,6051,2484,56.0,180.0,1.0,Urban,Y
LP1799,Male,No,,Not Graduate,No,4820,0,28.0,180.0,1.0,Urban,Y
LP1800,Male,No,0,Graduate,No,55671,2765,107.0,360.0,1.0,Semiurban,N
LP1801,Male,No,2,Graduate,No,1500,2825,66.0,180.0,1.0,Semiurban,N
LP1802,,Yes,0,Graduate,No,10668,0,150.0,360.0,1.0,Semiurban,Y
LP1803,Male,Yes,2,Graduate,No,2829,6406,,360.0,1.0,Urban,Y
LP1804,Male,Yes,0,Graduate,No,10650,788,165.0,300.0,1.0,Urban,Y
LP1805,Male,No,0,Graduate,No,2204,0,24.0,300.0,1.0,Semiurban,Y
LP1806,Male,Yes,1,Graduate,Yes,2935,1328,30.0,36.0,1.0,Rural,N
LP1807,Male,Yes,0,Not Graduate,No,1570,0,14.0,240.0,1.0,Urban,Y
LP1808,Male,No,2,Graduate,Yes,4979,2013,81.0,360.0,1.0,Urban,Y
LP1809,Female,Yes,0,Graduate,No,2577,0,24.0,300.0,1.0,Urban,N
LP1810,Male,,3+,Not Graduate,No,2610,0,46.0,180.0,1.0,Semiurban,Y
LP1811,Male,Yes,2,Graduate,No,2281,1090,38.0,120.0,1.0,Urban,Y
LP1812,Female,No,0,Not Graduate,No,6002,0,59.0,84.0,1.0,Urban,Y
LP1813,Male,No,2,Not Graduate,No,5826,1138,96.0,360.0,,Semiurban,Y
LP1814,Male,Yes,0,Not Graduate,No,9561,1639,151.0,360.0,1.0,Urban,Y
LP1815,Female,No,0,Graduate,No,3107,1017,21.0,360.0,0.0,Semiurban,N
LP1816,Female,Yes,0,Graduate,No,4668,0,61.0,360.0,0.0,Urban,N
LP1817,Male,Yes,3+,Graduate,No,2368,1824,34.0,180.0,1.0,Rural,Y
LP1818,Male,No,2,Graduate,No,3638,1296,49.0,360.0,1.0,Semiurban,Y
LP1819,Male,No,3+,Graduate,No,3349,0,47.0,60.0,1.0,Urban,Y
LP1820,Male,Yes,3+,Graduate,No,5213,1934,88.0,360.0,1.0,Urban,Y
LP1821,Male,Yes,,Not Graduate,No,6685,3585,101.0,60.0,1.0,Semiurban,Y
LP1822,Male,No,0,Graduate,No,6608,1795,60.0,360.0,1.0,Rural,Y
LP1823,Male,Yes,3+,Graduate,No,2895,1972,56.0,12.0,1.0,Urban,Y
LP1824,Female,Yes,1,Graduate,No,6630,1466,74.0,360.0,1.0,Urban,Y
LP1825,Male,Yes,0,Graduate,No,4147,1990,732.0,180.0,1.0,Urban,Y
LP1826,Male,Yes,1,Graduate,No,3655,2956,79.0,360.0,1.0,Semiurban,Y
LP1827,Male,No,0,Graduate,No,3075,1594,76.0,36.0,1.0,Rural,Y
LP1828,Female,Yes,0,Not Graduate,No,3288,2657,60.0,360.0,1.0,Semiurban,Y
LP1829,Male,Yes,0,Graduate,No,9265,1278,166.0,360.0,1.0,Urban,Y
LP1830,Male,No,0,Graduate,No,4858,3034,45.0,240.0,1.0,Rural,Y
LP1831,Male,Yes,0,Graduate,Yes,4576,0,41.0,180.0,1.0,Rural,Y
LP1832,Male,No,3+,Graduate,No,3759,0,23.0,300.0,1.0,Urban,Y
LP1833,Male,Yes,1,Graduate,No,12717,2066,80.0,360.0,0.0,Urban,N
LP1834,Male,No,1,Graduate,No,7610,4612,207.0,360.0,1.0,Semiurban,N
LP1835,Male,No,0,Not Graduate,No,3058,1059,59.0,,1.0,Rural,Y
LP1836,Male,No,0,Graduate,No,3740,887,738.0,300.0,1.0,Semiurban,Y
LP1837,Female,Yes,0,Graduate,No,3841,1424,63.0,240.0,1.0,Semiurban,Y
LP1838,Male,Yes,2,Graduate,No,4517,933,68.0,120.0,1.0,Rural,Y
LP1839,Male,No,0,Graduate,No,3085,934,53.0,360.0,1.0,Urban,N
LP1840,Male,,2,Not Graduate,No,5154,0,81.0,300.0,1.0,Urban,N
LP1841,Male,Yes,2,Graduate,No,8131,1994,129.0,240.0,0.0,Urban,N
LP1842,Male,Yes,1,Not Graduate,Yes,2342,0,35.0,360.0,0.0,Rural,N
LP1843,Male,No,3+,Graduate,Yes,2546,1615,36.0,360.0,1.0,Semiurban,Y
LP1844,Male,No,0,Graduate,No,3404,1439,86.0,360.0,1.0,Urban,Y
LP1845,Female,Yes,3+,Graduate,No,3475,4953,46.0,36.0,1.0,Urban,Y
LP1846,Male,No,2,Graduate,No,10397,1333,118.0,360.0,1.0,Semiurban,Y
LP1847,Male,Yes,2,Not Graduate,No,6639,0,109.0,360.0,,Rural,N
LP1848,Male,Yes,2,Graduate,No,6470,0,,360.0,1.0,Semiurban,Y
LP1849,Female,Yes,2,Not Graduate,No,3756,0,26.0,12.0,1.0,Urban,Y
LP1850,Male,Yes,3+,Not Graduate,No,3719,6132,96.0,360.0,0.0,Rural,N
LP1851,Male,Yes,0,Graduate,Yes,2201,1496,39.0,360.0,1.0,Rural,N
LP1852,Female,No,2,Graduate,No,6014,0,103.0,360.0,1.0,Semiurban,Y
LP1853,Female,No,2,Graduate,No,5276,0,84.0,360.0,1.0,Semiurban,N
LP1854,Male,Yes,0,Graduate,No,7545,1500,100.0,360.0,1.0,Rural,Y
LP1855,Male,Yes,3+,Not Graduate,No,3847,1328,91.0,360.0,0.0,Rural,N
LP1856,Male,Yes,0,Graduate,No,3969,0,53.0,360.0,0.0,Semiurban,N
LP1857,Female,No,1,Not Graduate,No,4567,0,75.0,240.0,1.0,Semiurban,N
LP1858,Male,No,0,Graduate,No,6319,920,59.0,180.0,1.0,Semiurban,Y
LP1859,Male,No,0,Graduate,No,2183,0,25.0,360.0,1.0,Rural,Y
LP1860,Male,Yes,2,Graduate,No,5891,0,32.0,360.0,1.0,Semiurban,Y
LP1861,Male,Yes,0,Graduate,No,4191,0,21.0,360.0,1.0,Urban,Y
LP1862,Male,Yes,0,Not Graduate,No,2627,1730,62.0,360.0,1.0,Urban,N
LP1863,Male,Yes,0,Graduate,Yes,1656,1828,23.0,360.0,1.0,Rural,Y
LP1864,Male,Yes,0,Not Graduate,No,3978,0,48.0,,1.0,Rural,Y
LP1865,Female,Yes,2,Not Graduate,No,8115,1092,129.0,,1.0,Rural,Y
LP1866,Female,No,3+,Not Graduate,No,8988,1536,57.0,360.0,0.0,Semiurban,N
LP1867,Male,Yes,0,Graduate,,4964,1381,69.0,120.0,1.0,Rural,Y
LP1868,Male,Yes,1,Not Graduate,Yes,10228,2132,172.0,360.0,1.0,Rural,Y
LP1869,Male,No,0,Graduate,No,4149,0,69.0,360.0,1.0,Urban,N
LP1870,Male,Yes,1,Graduate,Yes,6496,6962,120.0,240.0,1.0,Urban,N
LP1871,Male,No,0,Graduate,,3453,1976,96.0,300.0,1.0,Rural,Y
LP1872,Female,Yes,0,Graduate,No,3356,3690,113.0,300.0,1.0,Urban,Y
LP1873,Male,No,0,Graduate,No,3119,0,42.0,360.0,1.0,Semiurban,Y
LP1874,Male,Yes,1,Graduate,No,1674,0,17.0,360.0,1.0,Semiurban,Y
LP1875,Female,Yes,1,Graduate,No,7549,0,108.0,120.0,1.0,Semiurban,N
LP1876,Male,No,0,Not Graduate,No,3169,830,62.0,360.0,1.0,Urban,N
LP1877,Male,Yes,2,Graduate,No,2949,2014,44.0,180.0,0.0,Semiurban,N
LP1878,Male,Yes,2,Graduate,No,2487,1301,68.0,360.0,1.0,Urban,Y
LP1879,Male,Yes,0,Graduate,Yes,3859,682,,360.0,1.0,Rural,Y
LP1880,Male,,2,Graduate,No,9354,0,106.0,36.0,1.0,Urban,Y
LP1881,Male,No,3+,Not Graduate,No,10853,0,156.0,84.0,1.0,Semiurban,Y
LP1882,Female,Yes,0,Graduate,No,2003,812,,,,Rural,Y
LP1883,Male,Yes,1,Graduate,No,3607,3275,102.0,360.0,1.0,Urban,Y
LP1884,Male,Yes,0,Not Graduate,Yes,2656,1338,63.0,36.0,1.0,Urban,Y
LP1885,Male,No,2,Not Graduate,No,6600,3639,54.0,360.0,1.0,Rural,Y
LP1886,Male,Yes,0,Graduate,,4812,1335,37.0,360.0,1.0,Urban,Y
LP1887,Male,No,2,Graduate,No,3177,1484,44.0,60.0,1.0,Urban,Y
LP1888,Male,No,0,Graduate,,4371,0,74.0,360.0,1.0,Semiurban,Y
LP1889,Male,Yes,1,Graduate,No,3412,2769,63.0,360.0,1.0,Rural,Y
LP1890,Male,No,3+,Not Graduate,No,8747,3049,195.0,180.0,1.0,Semiurban,Y
LP1891,Female,Yes,0,Graduate,Yes,5411,0,60.0,360.0,1.0,Semiurban,Y
LP1892,Male,Yes,3+,Not Graduate,Yes,5718,0,50.0,240.0,1.0,Rural,Y
LP1893,Male,No,3+,Graduate,No,1500,0,25.0,240.0,1.0,Semiurban,Y
LP1894,Male,No,3+,Graduate,No,4105,0,50.0,240.0,1.0,Semiurban,Y
LP1895,,Yes,0,Not Graduate,No,10802,1847,123.0,360.0,1.0,Semiurban,N
LP1896,Male,Yes,2,Not Graduate,No,7683,0,,360.0,,Urban,N
LP1897,Male,Yes,0,Not Graduate,No,1842,2778,30.0,360.0,1.0,Urban,Y
LP1898,Male,Yes,0,Not Graduate,Yes,3674,0,25.0,240.0,1.0,Semiurban,N
LP1899,Male,Yes,3+,Graduate,No,2463,0,24.0,360.0,1.0,Urban,Y
